<?xml version="1.0" encoding="UTF-8"?>
<project-private xmlns="http://www.netbeans.org/ns/project-private/1">
    <editor-bookmarks xmlns="http://www.netbeans.org/ns/editor-bookmarks/2" lastBookmarkId="0"/>
    <open-files xmlns="http://www.netbeans.org/ns/projectui-open-files/2">
        <group>
            <file>file:/C:/Users/Patricia/Documents/NetBeansProjects/ProjetoTllr/src/com/tllr/visao/TelaDeCadastroMarcas.java</file>
            <file>file:/C:/Users/Patricia/Documents/NetBeansProjects/ProjetoTllr/src/com/tllr/modelos/Modelo.java</file>
            <file>file:/C:/Users/Patricia/Documents/NetBeansProjects/ProjetoTllr/src/com/tllr/visao/Telas.java</file>
            <file>file:/C:/Users/Patricia/Documents/NetBeansProjects/ProjetoTllr/src/com/tllr/controle/IMarcaControle.java</file>
            <file>file:/C:/Users/Patricia/Documents/NetBeansProjects/ProjetoTllr/src/com/tllr/controle/ModeloControle.java</file>
            <file>file:/C:/Users/Patricia/Documents/NetBeansProjects/ProjetoTllr/src/com/tllr/persistencia/IMarcaDao.java</file>
            <file>file:/C:/Users/Patricia/Documents/NetBeansProjects/ProjetoTllr/src/com/tllr/arquivosdedados/Marca.txt</file>
            <file>file:/C:/Users/Patricia/Documents/NetBeansProjects/ProjetoTllr/src/com/tllr/controle/IModeloControle.java</file>
            <file>file:/C:/Users/Patricia/Documents/NetBeansProjects/ProjetoTllr/src/com/tllr/visao/TelaDeCadastroModelo.java</file>
            <file>file:/C:/Users/Patricia/Documents/NetBeansProjects/ProjetoTllr/src/com/tllr/arquivosdedados/idGerado.txt</file>
            <file>file:/C:/Users/Patricia/Documents/NetBeansProjects/ProjetoTllr/src/com/tllr/modelos/Marca.java</file>
            <file>file:/C:/Users/Patricia/Documents/NetBeansProjects/ProjetoTllr/src/com/tllr/controle/MarcaControle.java</file>
            <file>file:/C:/Users/Patricia/Documents/NetBeansProjects/ProjetoTllr/src/com/tllr/arquivosdedados/Modelo.txt</file>
        </group>
    </open-files>
</project-private>
